<beans xmlns="http://www.springframework.org/schema/beans"
	xmlns:xsi="http://www.w3.org/2001/XMLSchema-instance" xmlns:context="http://www.springframework.org/schema/context"
	xsi:schemaLocation="http://www.springframework.org/schema/beans
     http://www.springframework.org/schema/beans/spring-beans-4.0.xsd
     http://www.springframework.org/schema/context
     http://www.springframework.org/schema/context/spring-context-4.0.xsd">

	<bean id="tran" class="com.cg.springdemoone.dto.Triangle"></bean>
	<bean id="circle" class="com.cg.springdemoone.dto.Circle"></bean>
	<bean id="emp" class="com.cg.springdemoone.dto.Employee">
	<property name="empId" value="101"> </property>
	<property name="empName" value="Rishab"></property>
	</bean>
</beans>