<beans xmlns="http://www.springframework.org/schema/beans"
	xmlns:xsi="http://www.w3.org/2001/XMLSchema-instance" xmlns:context="http://www.springframework.org/schema/context"
	xsi:schemaLocation="http://www.springframework.org/schema/beans
     http://www.springframework.org/schema/beans/spring-beans-4.0.xsd
     http://www.springframework.org/schema/context
     http://www.springframework.org/schema/context/spring-context-4.0.xsd">
     
	
	<bean id="sub" class="com.cg.dto.SBU">
		<property name="sbuCode" value="PES-BU"/>
		<property name="sbuName" value="Product Engineering Services"/>
		<property name="sbuHead" value="Kiran Rao"/>
		<property name="empList">
		<list>
		<ref bean="one"/>
		<ref bean="two"/>
		</list>
		
		</property>
	</bean>
	<bean id="one" class="com.cg.dto.Employee">
	<property name="employeeId" value="101"> </property>
	<property name="employeeName" value="Rishab"></property>
	<property name="salary" value="40000.0"></property>
	</bean>
	<bean id="two" class="com.cg.dto.Employee">
	<property name="employeeId" value="102"> </property>
	<property name="employeeName" value="Divya"></property>
	<property name="salary" value="50000.0"></property>
	</bean>
</beans>